Rank,Player,Age,Tm,First,Pts Won,Pts Max,Share,G,MP,PTS,TRB,AST,STL,BLK,FG%,3P%,FT%,WS,WS/48,MVP,,
1,Charles Barkley,29,PHO,59,835,980,0.852,76,37.6,25.6,12.2,5.1,1.6,1,0.52,0.305,0.765,14.4,0.242,Y,,
2,Hakeem Olajuwon,30,HOU,22,647,980,0.66,82,39.5,26.1,13,3.5,1.8,4.2,0.529,0,0.779,15.8,0.234,N,,
3,Michael Jordan,29,CHI,13,565,980,0.577,78,39.3,32.6,6.7,5.5,2.8,0.8,0.495,0.352,0.837,17.2,0.27,N,,
4,Patrick Ewing,30,NYK,4,359,980,0.366,81,37.1,24.2,12.1,1.9,0.9,2,0.503,0.143,0.719,10.6,0.17,N,,
5,Dominique Wilkins,33,ATL,0,54,980,0.055,71,37.3,29.9,6.8,3.2,1,0.4,0.468,0.38,0.828,10.5,0.191,N,,
6,David Robinson,27,SAS,0,33,980,0.034,82,39.2,23.4,11.7,3.7,1.5,3.2,0.501,0.176,0.732,13.2,0.197,N,,
7,Shaquille O'Neal,20,ORL,0,30,980,0.031,81,37.9,23.4,13.9,1.9,0.7,3.5,0.562,0,0.592,10.4,0.163,N,,
8T,Karl Malone,29,UTA,0,10,980,0.01,82,37.8,27,11.2,3.8,1.5,1,0.552,0.2,0.74,15.4,0.238,N,,
8T,Mark Price,28,CLE,0,10,980,0.01,75,31.7,18.2,2.7,8,1.2,0.1,0.484,0.416,0.948,9.8,0.197,N,,
10T,Brad Daugherty,27,CLE,0,1,980,0.001,71,37.9,20.2,10.2,4.4,0.7,0.8,0.571,0.5,0.795,12.7,0.226,N,,
1,Michael Jordan,28,CHI,80,900,960,0.938,80,38.8,30.1,6.4,6.1,2.3,0.9,0.519,0.27,0.832,17.7,0.274,Y,,
2,Clyde Drexler,29,POR,12,561,960,0.584,76,36.2,25,6.6,6.7,1.8,0.9,0.47,0.337,0.794,12.8,0.223,N,,
3,David Robinson,26,SAS,2,337,960,0.351,68,37.7,23.2,12.2,2.7,2.3,4.5,0.551,0.125,0.701,13.9,0.26,N,,
4,Karl Malone,28,UTA,1,262,960,0.273,81,37.7,28,11.2,3,1.3,0.6,0.526,0.176,0.778,15.1,0.237,N,,
5,Patrick Ewing,29,NYK,0,100,960,0.104,82,38.4,24,11.2,1.9,1.1,3,0.522,0.167,0.738,13,0.198,N,,
6,Chris Mullin,28,GSW,0,81,960,0.084,81,41.3,25.6,5.6,3.5,2.1,0.8,0.524,0.366,0.833,10.8,0.155,N,,
7,Mark Price,27,CLE,0,66,960,0.069,72,29.7,17.3,2.4,7.4,1.3,0.2,0.488,0.387,0.947,9.1,0.205,N,,
8,Tim Hardaway,25,GSW,0,64,960,0.067,81,41.1,23.4,3.8,10,2,0.2,0.461,0.338,0.766,9.2,0.132,N,,
9,Scottie Pippen,26,CHI,1,32,960,0.033,82,38.6,21,7.7,7,1.9,1.1,0.506,0.2,0.76,12.7,0.192,N,,
10,Dennis Rodman,30,DET,0,26,960,0.027,82,40.3,9.8,18.7,2.3,0.8,0.9,0.539,0.317,0.6,12.6,0.183,N,,
1,Michael Jordan,27,CHI,77,891,960,0.928,82,37,31.5,6,5.5,2.7,1,0.539,0.312,0.851,20.3,0.321,Y,,
2,Magic Johnson,31,LAL,10,497,960,0.518,79,37.1,19.4,7,13,1.3,0.2,0.477,0.32,0.906,15.4,0.251,N,,
3,David Robinson,25,SAS,6,476,960,0.496,82,37.7,25.6,13,2.5,1.5,3.9,0.552,0.143,0.762,17,0.264,N,,
4,Charles Barkley,27,PHI,2,222,960,0.231,67,37.3,27.6,10.1,4.2,1.6,0.5,0.57,0.284,0.722,13.4,0.258,N,,
5,Karl Malone,27,UTA,0,142,960,0.148,82,40.3,29,11.8,3.3,1.1,1,0.527,0.286,0.77,15.5,0.225,N,,
6,Clyde Drexler,28,POR,1,75,960,0.078,82,34.8,21.5,6.7,6,1.8,0.7,0.482,0.319,0.794,12.4,0.209,N,,
7,Kevin Johnson,24,PHO,0,32,960,0.033,77,36,22.2,3.5,10,2.1,0.1,0.516,0.205,0.843,12.7,0.22,N,,
8,Dominique Wilkins,31,ATL,0,29,960,0.03,81,38,25.9,9,3.3,1.5,0.8,0.47,0.341,0.829,11.4,0.177,N,,
9T,Larry Bird,34,BOS,0,25,960,0.026,60,38,19.4,8.5,7.2,1.8,1,0.454,0.389,0.891,6.6,0.14,N,,
9T,Terry Porter,27,POR,0,25,960,0.026,81,32.9,17,3.5,8,2,0.1,0.515,0.415,0.823,13,0.235,N,,
1,Magic Johnson,30,LAL,27,636,920,0.691,79,37.2,22.3,6.6,12,1.7,0.4,0.48,0.384,0.89,16.5,0.27,Y,,
2,Charles Barkley,26,PHI,38,614,920,0.667,79,39.1,25.2,11.5,3.9,1.9,0.6,0.6,0.217,0.749,17.3,0.269,N,,
3,Michael Jordan,26,CHI,21,564,920,0.613,82,39,33.6,6.9,6.3,2.8,0.7,0.526,0.376,0.848,19,0.285,N,,
4,Karl Malone,26,UTA,2,214,920,0.233,82,38.1,31,11.1,2.8,1.5,0.6,0.562,0.372,0.762,15.9,0.245,N,,
5,Patrick Ewing,27,NYK,1,162,920,0.176,82,38.6,28.6,10.9,2.2,1,4,0.551,0.25,0.775,13.5,0.205,N,,
6,David Robinson,24,SAS,2,102,920,0.111,82,36.6,24.3,12,2,1.7,3.9,0.531,0,0.732,15.1,0.241,N,,
7,Hakeem Olajuwon,27,HOU,1,64,920,0.07,82,38.1,24.3,14,2.9,2.1,4.6,0.501,0.167,0.713,11.2,0.173,N,,
8,Tom Chambers,30,PHO,0,12,920,0.013,81,37.6,27.2,7,2.3,1.1,0.6,0.501,0.279,0.861,11.2,0.176,N,,
9,John Stockton,27,UTA,0,9,920,0.01,78,37.4,17.2,2.6,15,2.7,0.2,0.514,0.416,0.819,14.4,0.238,N,,
10T,Larry Bird,33,BOS,0,5,920,0.005,75,39.3,24.3,9.5,7.5,1.4,0.8,0.473,0.333,0.93,9.5,0.154,N,,
1,Magic Johnson,29,LAL,43,664.5,850,0.782,77,37.5,22.5,7.9,13,1.8,0.3,0.509,0.314,0.911,16.1,0.267,Y,,
2,Michael Jordan,25,CHI,28,598.8,850,0.704,81,40.2,32.5,8,8,2.9,0.8,0.538,0.276,0.85,19.8,0.292,N,,
3,Karl Malone,25,UTA,5,362,850,0.426,80,39.1,29.1,10.7,2.7,1.8,0.9,0.519,0.313,0.766,15.2,0.233,N,,
4,Patrick Ewing,26,NYK,8,200,850,0.235,80,36.2,22.7,9.3,2.4,1.5,3.5,0.567,0,0.746,10.9,0.181,N,,
5,Hakeem Olajuwon,26,HOU,2,179.3,850,0.211,82,36.9,24.8,13.5,1.8,2.6,3.4,0.508,0,0.696,12.4,0.197,N,,
6,Charles Barkley,25,PHI,0,94.3,850,0.111,79,39.1,25.8,12.5,4.1,1.6,0.8,0.579,0.216,0.753,16.1,0.25,N,,
7,John Stockton,26,UTA,0,28,850,0.033,82,38.7,17.1,3,14,3.2,0.2,0.538,0.242,0.863,15.6,0.236,N,,
8,Kevin Johnson,22,PHO,0,22,850,0.026,81,39.2,20.4,4.2,12,1.7,0.3,0.505,0.091,0.882,12.2,0.184,N,,
9,Tom Chambers,29,PHO,0,20,850,0.024,81,37.1,25.7,8.4,2.9,1.1,0.7,0.471,0.326,0.851,9.2,0.146,N,,
10,Mark Price,24,CLE,0,18,850,0.021,75,36.4,18.9,3,8.4,1.5,0.1,0.526,0.441,0.901,11.3,0.199,N,,
1,Michael Jordan,24,CHI,47,665,800,0.831,82,40.4,35,5.5,5.9,3.2,1.6,0.535,0.132,0.841,21.2,0.308,Y,,
2,Larry Bird,31,BOS,16,527,800,0.659,76,39,29.9,9.3,6.1,1.6,0.8,0.527,0.414,0.916,15,0.243,N,,
3,Magic Johnson,28,LAL,16,508,800,0.635,72,36.6,19.6,6.2,12,1.6,0.2,0.492,0.196,0.853,10.9,0.199,N,,
4,Charles Barkley,24,PHI,1,109,800,0.136,80,39.6,28.3,11.9,3.2,1.3,1.3,0.587,0.28,0.751,16.7,0.253,N,,
5,Clyde Drexler,25,POR,0,86,800,0.108,81,37.8,27,6.6,5.8,2.5,0.6,0.506,0.212,0.811,13.2,0.207,N,,
6,Dominique Wilkins,28,ATL,0,55,800,0.069,78,37.8,30.7,6.4,2.9,1.3,0.6,0.464,0.295,0.826,9.8,0.16,N,,
7,Hakeem Olajuwon,25,HOU,0,40,800,0.05,79,35.8,22.8,12.1,2.1,2.1,2.7,0.514,0,0.695,10.7,0.182,N,,
8,Karl Malone,24,UTA,0,36,800,0.045,82,39,27.7,12,2.4,1.4,0.6,0.52,0,0.7,10.1,0.152,N,,
9,Fat Lever,27,DEN,0,26,800,0.033,82,37.3,18.9,8.1,7.8,2.7,0.3,0.473,0.211,0.785,10.4,0.163,N,,
10,John Stockton,25,UTA,0,15,800,0.019,82,34.7,14.7,2.9,14,3,0.2,0.574,0.358,0.84,14.1,0.238,N,,
1,Magic Johnson,27,LAL,65,733,780,0.94,80,36.3,23.9,6.3,12,1.7,0.5,0.522,0.205,0.848,15.9,0.263,Y,,
2,Michael Jordan,23,CHI,10,449,780,0.576,82,40,37.1,5.2,4.6,2.9,1.5,0.482,0.182,0.857,16.9,0.247,N,,
3,Larry Bird,30,BOS,1,271,780,0.347,74,40.6,28.1,9.2,7.6,1.8,0.9,0.525,0.4,0.91,15.2,0.243,N,,
4,Kevin McHale,29,BOS,0,254,780,0.326,77,39.7,26.1,9.9,2.6,0.5,2.2,0.604,0,0.836,14.8,0.232,N,,
5,Dominique Wilkins,27,ATL,0,128,780,0.164,79,37.6,29,6.3,3.3,1.5,0.6,0.463,0.292,0.818,12.2,0.197,N,,
6,Charles Barkley,23,PHI,1,113,780,0.145,68,40.3,23,14.6,4.9,1.8,1.5,0.594,0.202,0.761,12,0.21,N,,
7,Hakeem Olajuwon,24,HOU,1,28,780,0.036,75,36.8,23.4,11.4,2.9,1.9,3.4,0.508,0.2,0.702,10.9,0.189,N,,
8,Isiah Thomas,25,DET,0,17,780,0.022,81,37.2,20.6,3.9,10,1.9,0.2,0.463,0.194,0.768,7.6,0.121,N,,
9,Fat Lever,26,DEN,0,11,780,0.014,82,37.2,18.9,8.9,8,2.5,0.4,0.469,0.239,0.782,9.7,0.153,N,,
10,Moses Malone,31,WSB,0,9,780,0.012,73,34.1,24.1,11.3,1.6,0.8,1.3,0.454,0,0.824,9.4,0.182,N,,
1,Larry Bird,29,BOS,73,765,780,0.981,82,38,25.8,9.8,6.8,2,0.6,0.496,0.423,0.896,15.8,0.244,Y,,
2,Dominique Wilkins,26,ATL,5,407,780,0.522,78,39.1,30.3,7.9,2.6,1.8,0.6,0.468,0.186,0.818,10.8,0.17,N,,
3,Magic Johnson,26,LAL,0,205,780,0.263,72,35.8,18.8,5.9,13,1.6,0.2,0.526,0.233,0.871,12.1,0.226,N,,
4,Hakeem Olajuwon,23,HOU,0,193,780,0.247,68,36.3,23.5,11.5,2,2,3.4,0.526,,0.645,9.5,0.186,N,,
5,Kareem Abdul-Jabbar,38,LAL,0,135,780,0.173,79,33.3,23.4,6.1,3.5,0.8,1.6,0.564,0,0.765,10.8,0.197,N,,
6,Charles Barkley,22,PHI,0,133,780,0.171,80,36.9,20,12.8,3.9,2.2,1.6,0.572,0.227,0.685,10.8,0.176,N,,
7,Sidney Moncrief,28,MIL,0,56,780,0.072,73,35.2,20.2,4.6,4.9,1.4,0.2,0.489,0.32,0.859,11.7,0.219,N,,
8,Alex English,32,DEN,0,55,780,0.071,81,37.3,29.8,5,4,0.9,0.4,0.504,0.2,0.862,9.8,0.156,N,,
9,Isiah Thomas,24,DET,0,28,780,0.036,77,36.2,20.9,3.6,11,2.2,0.3,0.488,0.31,0.79,8.8,0.151,N,,
10,Moses Malone,30,PHI,0,21,780,0.027,74,36.6,23.8,11.8,1.2,0.9,1,0.458,0,0.787,8.9,0.157,N,,
1,Larry Bird,28,BOS,73,763,780,0.978,80,39.5,28.7,10.5,6.6,1.6,1.2,0.522,0.427,0.882,15.7,0.238,Y,,
2,Magic Johnson,25,LAL,1,264,780,0.338,77,36.1,18.3,6.2,13,1.5,0.3,0.561,0.189,0.843,12.7,0.22,N,,
3,Moses Malone,29,PHI,0,218,780,0.279,79,37.4,24.6,13.1,1.6,0.8,1.6,0.469,0,0.815,11.9,0.193,N,,
4,Kareem Abdul-Jabbar,37,LAL,0,206,780,0.264,79,33.3,22,7.9,3.2,0.8,2.1,0.599,0,0.732,11.2,0.204,N,,
5,Terry Cummings,23,MIL,2,138,780,0.177,79,34.5,23.6,9.1,2.9,1.5,0.8,0.495,0,0.741,10.7,0.189,N,,
6,Michael Jordan,21,CHI,2,134,780,0.172,82,38.3,28.2,6.5,5.9,2.4,0.8,0.515,0.173,0.845,14,0.213,N,,
7,Bernard King,28,NYK,0,70,780,0.09,55,37.5,32.9,5.8,3.7,1.3,0.3,0.53,0.1,0.772,7.1,0.166,N,,
8,Sidney Moncrief,27,MIL,0,65,780,0.083,73,37.5,21.7,5.4,5.2,1.6,0.5,0.483,0.273,0.828,11.2,0.197,N,,
9,Isiah Thomas,23,DET,0,63,780,0.081,81,38.1,21.2,4.5,14,2.3,0.3,0.458,0.257,0.809,11.2,0.173,N,,
10,Ralph Sampson,24,HOU,0,26,780,0.033,82,37.6,22.1,10.4,2.7,1,2,0.502,0,0.676,6.2,0.096,N,,
1,Larry Bird,27,BOS,52,652,760,0.858,79,38.3,24.2,10.1,6.6,1.8,0.9,0.492,0.247,0.888,13.6,0.215,Y,,
2,Bernard King,27,NYK,11,373,760,0.491,77,34.6,26.3,5.1,2.1,1,0.2,0.572,0,0.779,12.1,0.218,N,,
3,Magic Johnson,24,LAL,5,305,760,0.401,67,38.3,17.6,7.3,13,2.2,0.7,0.565,0.207,0.81,10.2,0.191,N,,
4,Kareem Abdul-Jabbar,36,LAL,3,153,760,0.201,80,32.8,21.5,7.3,2.6,0.7,1.8,0.578,0,0.723,8.9,0.163,N,,
5,Isiah Thomas,22,DET,1,115,760,0.151,82,36.7,21.3,4,11,2.5,0.4,0.462,0.338,0.733,9.1,0.144,N,,
6,Julius Erving,33,PHI,1,98,760,0.129,77,34.8,22.4,6.9,4,1.8,1.8,0.512,0.333,0.754,10.1,0.18,N,,
7,Adrian Dantley,28,UTA,1,88,760,0.116,79,37.8,30.6,5.7,3.9,0.8,0.1,0.558,0.25,0.859,14.6,0.235,N,,
8,Sidney Moncrief,26,MIL,1,70,760,0.092,79,38.9,20.9,6.7,4.5,1.4,0.3,0.498,0.278,0.848,12.7,0.198,N,,
9,Jeff Ruland,25,WSB,1,38,760,0.05,75,41.1,22.2,12.3,3.9,0.9,1,0.579,0.143,0.733,9.3,0.144,N,,
10,Moses Malone,28,PHI,0,35,760,0.046,71,36.8,22.7,13.4,1.4,1,1.5,0.483,0,0.75,9.5,0.175,N,,
1,Moses Malone,27,PHI,69,720,750,0.96,78,37.5,24.5,15.3,1.3,1.1,2,0.501,0,0.761,15.1,0.248,Y,,
2,Larry Bird,26,BOS,1,364,750,0.485,79,37.7,23.6,11,5.8,1.9,0.9,0.504,0.286,0.84,14,0.225,N,,
3,Magic Johnson,23,LAL,2,304.5,750,0.406,79,36.8,16.8,8.6,11,2.2,0.6,0.548,0,0.8,12.5,0.207,N,,
4,Sidney Moncrief,25,MIL,0,226,750,0.301,76,35.7,22.5,5.8,3.9,1.5,0.3,0.524,0.1,0.826,13.2,0.233,N,,
5,Julius Erving,32,PHI,3,112,750,0.149,72,33.6,21.4,6.8,3.7,1.6,1.8,0.517,0.286,0.759,10.9,0.217,N,,
6,Alex English,29,DEN,0,42,750,0.056,82,36.4,28.4,7.3,4.8,1.4,1.5,0.516,0.167,0.829,10.3,0.166,N,,
7,Buck Williams,22,NJN,0,40,750,0.053,82,36.1,17,12.5,1.5,1.1,1.3,0.588,0,0.62,11.4,0.185,N,,
8,Artis Gilmore,33,SAS,0,33,750,0.044,82,34.1,18,12,1.5,0.5,2.3,0.626,0,0.74,11,0.189,N,,
9,George Gervin,30,SAS,0,30,750,0.04,78,36.3,26.2,4.6,3.4,1.1,0.9,0.487,0.364,0.853,9.4,0.159,N,,
10,Kareem Abdul-Jabbar,35,LAL,0,15,750,0.02,79,32.3,21.8,7.5,2.5,0.8,2.2,0.588,0,0.749,10.9,0.205,N,,
1,Moses Malone,26,HOU,40,507,690,0.735,81,42,31.1,14.7,1.8,0.9,1.5,0.519,0,0.762,15.4,0.218,Y,,
2,Larry Bird,25,BOS,20,406,690,0.588,77,38,22.9,10.9,5.8,1.9,0.9,0.503,0.212,0.863,12.5,0.205,N,,
3,Julius Erving,31,PHI,1,203,690,0.294,81,34.4,24.4,6.9,3.9,2,1.7,0.546,0.273,0.763,13.3,0.229,N,,
4,Robert Parish,28,BOS,4,131,690,0.19,80,31.7,19.9,10.8,1.8,0.9,2.4,0.542,0,0.71,10,0.19,N,,
5,Gus Williams,28,SEA,2,115,690,0.167,80,36,23.4,3.1,6.9,2.2,0.5,0.486,0.225,0.734,10.2,0.171,N,,
6,George Gervin,29,SAS,1,110,690,0.159,79,35.7,32.3,5,2.4,1,0.6,0.5,0.278,0.864,10.7,0.182,N,,
7,Sidney Moncrief,24,MIL,1,101,690,0.146,80,37.3,19.8,6.7,4.8,1.7,0.3,0.523,0.071,0.817,13.4,0.216,N,,
8,Magic Johnson,22,LAL,0,67,690,0.097,78,38.3,18.6,9.6,9.5,2.7,0.4,0.537,0.207,0.76,12.9,0.207,N,,
9,Jack Sikma,26,SEA,0,33,690,0.048,82,37.2,19.6,12.7,3.4,1.2,1.3,0.479,0.154,0.855,12.6,0.199,N,,
10,Kareem Abdul-Jabbar,34,LAL,0,31,690,0.045,76,35.2,23.9,8.7,3,0.8,2.7,0.579,0,0.706,10.7,0.192,N,,
1,Julius Erving,30,PHI,28,454,690,0.658,82,35,24.6,8,4.4,2.1,1.8,0.521,0.222,0.787,13.8,0.231,Y,,
2,Larry Bird,24,BOS,20,423,690,0.613,82,39.5,21.2,10.9,5.5,2,0.8,0.478,0.27,0.863,10.8,0.16,N,,
3,Kareem Abdul-Jabbar,33,LAL,8,286,690,0.414,80,37.2,26.2,10.3,3.4,0.7,2.9,0.574,0,0.766,14.3,0.23,N,,
4,Moses Malone,25,HOU,8,180,690,0.261,80,40.6,27.8,14.8,1.8,1,1.9,0.522,0.333,0.757,13.7,0.202,N,,
5,George Gervin,28,SAS,1,83,690,0.12,82,33.7,27.1,5.1,3.2,1.1,0.7,0.492,0.257,0.826,10.5,0.182,N,,
6,Marques Johnson,24,MIL,1,73,690,0.106,76,33.4,20.3,6.8,4.6,1.5,0.5,0.552,0,0.706,11.2,0.211,N,,
7,Robert Parish,27,BOS,0,53,690,0.077,82,28,18.9,9.5,1.8,1,2.6,0.545,0,0.71,10.9,0.228,N,,
8,Dennis Johnson,26,PHO,0,50,690,0.072,79,33.1,18.8,4.6,3.7,1.7,0.8,0.436,0.216,0.82,8.4,0.154,N,,
9,Tiny Archibald,32,BOS,0,32,690,0.046,80,35.3,13.8,2.2,7.7,0.9,0.2,0.499,0,0.816,6.9,0.118,N,,
10,Jamaal Wilkes,27,LAL,0,19,690,0.028,81,37.4,22.6,5.4,2.9,1.5,0.4,0.526,0.077,0.758,8.5,0.135,N,,
1,Kareem Abdul-Jabbar,32,LAL,147,147,221,0.665,82,38.3,24.8,10.8,4.5,1,3.4,0.604,0,0.765,14.8,0.227,Y,,
2,Julius Erving,29,PHI,32,31.5,221,0.143,78,36.1,26.9,7.4,4.6,2.2,1.8,0.519,0.2,0.787,12.5,0.213,N,,
3,George Gervin,27,SAS,19,19,221,0.086,78,37.6,33.1,5.2,2.6,1.4,1,0.528,0.314,0.852,10.6,0.173,N,,
4,Larry Bird,23,BOS,15,15,221,0.068,82,36,21.3,10.4,4.5,1.7,0.6,0.474,0.406,0.836,11.2,0.182,N,,
5T,Tiny Archibald,31,BOS,2,2,221,0.009,80,35.8,14.1,2.5,8.4,1.3,0.1,0.482,0.222,0.83,8.9,0.148,N,,
5T,Dennis Johnson,25,SEA,2,2,221,0.009,81,36.3,19,5.1,4.1,1.8,1,0.422,0.207,0.78,7.4,0.12,N,,
5T,Dan Roundfield,26,ATL,2,2,221,0.009,81,32,16.5,10.3,2.3,1.2,1.7,0.499,0,0.71,9.1,0.169,N,,
8,Gus Williams,26,SEA,1.5,1.5,221,0.007,82,36.2,22.1,3.4,4.8,2.4,0.5,0.482,0.194,0.788,11.6,0.187,N,,
9,Moses Malone,24,HOU,1,1,221,0.005,82,38.3,25.8,14.5,1.8,1,1.3,0.502,0,0.719,11.9,0.183,N,,
1,Hakeem Olajuwon,31,HOU,66,889,1010,0.88,80,41,27.3,11.9,3.6,1.6,3.7,0.528,0.421,0.716,14.3,0.21,Y,,
2,David Robinson,28,SAS,24,730,1010,0.723,80,40.5,29.8,10.7,4.8,1.7,3.3,0.507,0.345,0.749,20,0.296,N,,
3,Scottie Pippen,28,CHI,7,390,1010,0.386,72,38.3,22,8.7,5.6,2.9,0.8,0.491,0.32,0.66,11.2,0.194,N,,
4,Shaquille O'Neal,21,ORL,3,289,1010,0.286,81,39.8,29.3,13.2,2.4,0.9,2.9,0.599,0,0.554,16.9,0.252,N,,
5,Patrick Ewing,31,NYK,1,255,1010,0.252,79,37.6,24.5,11.2,2.3,1.1,2.7,0.496,0.286,0.765,13.1,0.211,N,,
6,Gary Payton,25,SEA,0,20,1010,0.02,82,35.1,16.5,3.3,6,2.3,0.2,0.504,0.278,0.595,9.3,0.155,N,,
7T,Shawn Kemp,24,SEA,0,17,1010,0.017,79,32.9,18.1,10.8,2.6,1.8,2.1,0.538,0.25,0.741,11.7,0.216,N,,
7T,Karl Malone,30,UTA,0,17,1010,0.017,82,40.6,25.2,11.5,4,1.5,1.5,0.497,0.25,0.694,13.4,0.193,N,,
9,Mark Price,29,CLE,0,7,1010,0.007,76,31.4,17.3,3,7.8,1.4,0.1,0.478,0.397,0.888,10,0.201,N,,
10,Charles Barkley,30,PHO,0,5,1010,0.005,65,35.4,21.6,11.2,4.6,1.6,0.6,0.495,0.27,0.704,8.8,0.185,N,,
1,David Robinson,29,SAS,73,901,1050,0.858,81,38,27.6,10.8,2.9,1.7,3.2,0.53,0.3,0.774,17.5,0.273,Y,,
2,Shaquille O'Neal,22,ORL,12,605,1050,0.576,79,37,29.3,11.4,2.7,0.9,2.4,0.583,0,0.533,14,0.23,N,,
3,Karl Malone,31,UTA,14,532,1050,0.507,82,38.1,26.7,10.6,3.5,1.6,1,0.536,0.268,0.742,13.8,0.212,N,,
4,Patrick Ewing,32,NYK,2,230,1050,0.219,79,37,23.9,11,2.7,0.9,2,0.503,0.286,0.75,9.6,0.157,N,,
5,Hakeem Olajuwon,32,HOU,1,147,1050,0.14,72,39.6,27.8,10.8,3.5,1.8,3.4,0.517,0.188,0.756,10.7,0.181,N,,
6,Charles Barkley,31,PHO,1,96,1050,0.091,68,35,23,11.1,4.1,1.6,0.7,0.486,0.338,0.748,10.6,0.214,N,,
7,Scottie Pippen,29,CHI,1,83,1050,0.079,79,38.2,21.4,8.1,5.2,2.9,1.1,0.48,0.345,0.716,11.8,0.188,N,,
8,John Stockton,32,UTA,1,47,1050,0.045,82,35,14.7,3.1,12.3,2.4,0.3,0.542,0.449,0.804,13.9,0.233,N,,
9,Gary Payton,26,SEA,0,34,1050,0.032,82,36.8,20.6,3.4,7.1,2.5,0.2,0.509,0.302,0.716,11.7,0.187,N,,
10,Anfernee Hardaway,23,ORL,0,23,1050,0.022,77,37.7,20.9,4.4,7.2,1.7,0.3,0.512,0.349,0.769,10.7,0.177,N,,
1,Michael Jordan,32,CHI,109,1114,1130,0.986,82,37.7,30.4,6.6,4.3,2.2,0.5,0.495,0.427,0.834,20.4,0.317,Y,,
2,David Robinson,30,SAS,0,574,1130,0.508,82,36.8,25,12.2,3,1.4,3.3,0.516,0.333,0.761,18.3,0.29,N,,
3,Anfernee Hardaway,24,ORL,2,360,1130,0.319,82,36.8,21.7,4.3,7.1,2,0.5,0.513,0.314,0.767,14.4,0.229,N,,
4,Hakeem Olajuwon,33,HOU,1,238,1130,0.211,72,38.8,26.9,10.9,3.6,1.6,2.9,0.514,0.214,0.724,9.7,0.166,N,,
5,Scottie Pippen,30,CHI,0,226,1130,0.2,77,36.7,19.4,6.4,5.9,1.7,0.7,0.463,0.374,0.679,12.3,0.209,N,,
6,Gary Payton,27,SEA,0,98,1130,0.087,81,39,19.3,4.2,7.5,2.9,0.2,0.484,0.328,0.748,11.5,0.174,N,,
7,Karl Malone,32,UTA,1,85,1130,0.075,82,38,25.7,9.8,4.2,1.7,0.7,0.519,0.4,0.723,15.1,0.233,N,,
8,Shawn Kemp,26,SEA,0,73,1130,0.065,79,33.3,19.6,11.4,2.2,1.2,1.6,0.561,0.417,0.742,11.2,0.205,N,,
9T,Grant Hill,23,DET,0,63,1130,0.056,80,40.8,20.2,9.8,6.9,1.3,0.6,0.462,0.192,0.751,11.7,0.172,N,,
9T,Shaquille O'Neal,23,ORL,0,63,1130,0.056,54,36,26.6,11,2.9,0.6,2.1,0.573,0.5,0.487,6.9,0.171,N,,
1,Karl Malone,33,UTA,63,986,1150,0.857,82,36.6,27.4,9.9,4.5,1.4,0.6,0.55,0,0.755,16.7,0.268,Y,,
2,Michael Jordan,33,CHI,52,957,1150,0.832,82,37.9,29.6,5.9,4.3,1.7,0.5,0.486,0.374,0.833,18.3,0.283,N,,
3,Grant Hill,24,DET,0,376,1150,0.327,80,39.3,21.4,9,7.3,1.8,0.6,0.496,0.303,0.711,14.6,0.223,N,,
4,Tim Hardaway,30,MIA,0,238,1150,0.207,81,38.7,20.3,3.4,8.6,1.9,0.1,0.415,0.344,0.799,12.9,0.198,N,,
5,Glen Rice,29,CHH,0,134,1150,0.117,79,42.6,26.8,4,2,0.9,0.3,0.477,0.47,0.867,10.8,0.154,N,,
6,Gary Payton,28,SEA,0,105,1150,0.091,82,39.2,21.8,4.6,7.1,2.4,0.2,0.476,0.313,0.715,12.9,0.193,N,,
7,Hakeem Olajuwon,34,HOU,0,95,1150,0.083,78,36.6,23.2,9.2,3,1.5,2.2,0.51,0.313,0.787,9.1,0.154,N,,
8,Patrick Ewing,34,NYK,0,57,1150,0.05,78,37,22.4,10.7,2,0.9,2.4,0.488,0.222,0.754,9.8,0.163,N,,
9T,Anthony Mason,30,CHH,0,7,1150,0.006,73,43.1,16.2,11.4,5.7,1,0.5,0.525,0.333,0.745,11.4,0.173,N,,
9T,Shaquille O'Neal,24,LAL,0,7,1150,0.006,51,38.1,26.2,12.5,3.1,0.9,2.9,0.557,0,0.484,8,0.197,N,,
1,Michael Jordan,34,CHI,92,1084,1160,0.934,82,38.8,28.7,5.8,3.5,1.7,0.5,0.465,0.238,0.784,15.8,0.238,Y,,
2,Karl Malone,34,UTA,20,842,1160,0.726,81,37.4,27,10.3,3.9,1.2,0.9,0.53,0.333,0.761,16.4,0.259,N,,
3,Gary Payton,29,SEA,3,431,1160,0.372,82,38.4,19.2,4.6,8.3,2.3,0.2,0.453,0.338,0.744,12.5,0.19,N,,
4,Shaquille O'Neal,25,LAL,1,311,1160,0.268,60,36.3,28.3,11.4,2.4,0.7,2.4,0.584,,0.527,10.2,0.224,N,,
5,Tim Duncan,21,SAS,0,148,1160,0.128,82,39.1,21.1,11.9,2.7,0.7,2.5,0.549,0,0.662,12.8,0.192,N,,
6,Tim Hardaway,31,MIA,0,71,1160,0.061,81,37.4,18.9,3.7,8.3,1.7,0.2,0.431,0.351,0.781,11.7,0.185,N,,
7,David Robinson,32,SAS,0,36,1160,0.031,73,33.7,21.6,10.6,2.7,0.9,2.6,0.511,0.25,0.735,13.8,0.269,N,,
8,Vin Baker,26,SEA,0,24,1160,0.021,82,35.9,19.2,8,1.9,1.1,1,0.542,0.143,0.591,10.4,0.169,N,,
9,Grant Hill,25,DET,0,23,1160,0.02,81,40.7,21.1,7.7,6.8,1.8,0.7,0.452,0.143,0.74,10.2,0.149,N,,
10,Scottie Pippen,32,CHI,0,14,1160,0.012,44,37.5,19.1,5.2,5.8,1.8,1,0.447,0.318,0.777,6.6,0.193,N,,
1,Karl Malone,35,UTA,44,827,1180,0.701,49,37.4,23.8,9.4,4.1,1.3,0.6,0.493,0,0.788,9.6,0.252,Y,,
2,Alonzo Mourning,28,MIA,36,773,1180,0.655,46,38.1,20.1,11,1.6,0.7,3.9,0.511,0,0.652,7.9,0.216,N,,
3,Tim Duncan,22,SAS,30,740,1180,0.627,50,39.3,21.7,11.4,2.4,0.9,2.5,0.495,0.143,0.69,8.7,0.213,N,,
4,Allen Iverson,23,PHI,5,319,1180,0.27,48,41.5,26.8,4.9,4.6,2.3,0.1,0.412,0.291,0.751,7.2,0.173,N,,
5,Jason Kidd,25,PHO,2,159,1180,0.135,50,41.2,16.9,6.8,10.8,2.3,0.4,0.444,0.366,0.757,8.1,0.188,N,,
6,Shaquille O'Neal,26,LAL,1,89,1180,0.075,49,34.8,26.3,10.7,2.3,0.7,1.7,0.576,0,0.54,9,0.255,N,,
7,Chris Webber,25,SAC,0,51,1180,0.043,42,40.9,20,13,4.1,1.4,2.1,0.486,0.118,0.454,3.6,0.102,N,,
8,Grant Hill,26,DET,0,39,1180,0.033,50,37,21.1,7.1,6,1.6,0.5,0.479,0,0.752,7.3,0.189,N,,
9,Gary Payton,30,SEA,0,35,1180,0.03,50,40.2,21.7,4.9,8.7,2.2,0.2,0.434,0.295,0.721,7.2,0.172,N,,
10,Kevin Garnett,22,MIN,0,9,1180,0.008,47,37.9,20.8,10.4,4.3,1.7,1.8,0.46,0.286,0.704,5.4,0.146,N,,
1,Shaquille O'Neal,27,LAL,120,1207,1210,0.998,79,40,29.7,13.6,3.8,0.5,3,0.574,0,0.524,18.6,0.283,Y,,
2,Kevin Garnett,23,MIN,0,408,1210,0.337,81,40,22.9,11.8,5,1.5,1.6,0.497,0.37,0.765,11.6,0.172,N,,
3,Alonzo Mourning,29,MIA,0,367,1210,0.303,79,34.8,21.7,9.5,1.6,0.5,3.7,0.551,0,0.711,12.9,0.226,N,,
4,Karl Malone,36,UTA,0,312,1210,0.258,82,35.9,25.5,9.5,3.7,1,0.9,0.509,0.25,0.797,15.3,0.249,N,,
5,Tim Duncan,23,SAS,0,248,1210,0.205,74,38.9,23.2,12.4,3.2,0.9,2.2,0.49,0.091,0.761,13,0.218,N,,
6,Gary Payton,31,SEA,0,180,1210,0.149,82,41.8,24.2,6.5,8.9,1.9,0.2,0.448,0.34,0.735,13.9,0.195,N,,
7,Allen Iverson,24,PHI,1,132,1210,0.109,70,40.8,28.4,3.8,4.7,2.1,0.1,0.421,0.341,0.713,6.9,0.116,N,,
8,Grant Hill,27,DET,0,113,1210,0.093,74,37.5,25.8,6.6,5.2,1.4,0.6,0.489,0.347,0.795,10.7,0.185,N,,
9,Chris Webber,26,SAC,0,96,1210,0.079,75,38.4,24.5,10.5,4.6,1.6,1.7,0.483,0.284,0.751,10.7,0.179,N,,
10,Vince Carter,23,TOR,0,51,1210,0.042,82,38.1,25.7,5.8,3.9,1.3,1.1,0.465,0.403,0.791,11.8,0.182,N,,
1,Allen Iverson,25,PHI,93,1121,1240,0.904,71,42,31.1,3.8,4.6,2.5,0.3,0.42,0.32,0.814,11.8,0.19,Y,,
2,Tim Duncan,24,SAS,18,706,1240,0.569,82,38.7,22.2,12.2,3,0.9,2.3,0.499,0.259,0.618,13.2,0.2,N,,
3,Shaquille O'Neal,28,LAL,7,578,1240,0.466,74,39.5,28.7,12.7,3.7,0.6,2.8,0.572,0,0.513,14.9,0.245,N,,
4,Chris Webber,27,SAC,5,521,1240,0.42,70,40.5,27.1,11.1,4.2,1.3,1.7,0.481,0.071,0.703,11,0.186,N,,
5,Kevin Garnett,24,MIN,1,151,1240,0.122,81,39.5,22,11.4,5,1.4,1.8,0.477,0.288,0.764,11.8,0.176,N,,
6,Tracy McGrady,21,ORL,0,64,1240,0.052,77,40.1,26.8,7.5,4.6,1.5,1.5,0.457,0.355,0.733,12.2,0.189,N,,
7,Karl Malone,37,UTA,0,21,1240,0.017,81,35.7,23.2,8.3,4.5,1.1,0.8,0.498,0.4,0.793,13.1,0.217,N,,
8,Jason Kidd,27,PHO,0,18,1240,0.015,77,39.8,16.9,6.4,9.8,2.2,0.3,0.411,0.297,0.814,9.6,0.15,N,,
9,Kobe Bryant,22,LAL,0,11,1240,0.009,68,40.9,28.5,5.9,5,1.7,0.6,0.464,0.305,0.853,11.3,0.196,N,,
10,David Robinson,35,SAS,0,8,1240,0.006,80,29.6,14.4,8.6,1.5,1,2.5,0.486,0,0.747,12.1,0.246,N,,
1,Tim Duncan,25,SAS,57,954,1260,0.757,82,40.6,25.5,12.7,3.7,0.7,2.5,0.508,0.1,0.799,17.8,0.257,Y,,
2,Jason Kidd,28,NJN,45,897,1260,0.712,82,37.3,14.7,7.3,9.9,2.1,0.2,0.391,0.321,0.814,8.9,0.14,N,,
3,Shaquille O'Neal,29,LAL,15,696,1260,0.552,67,36.1,27.2,10.7,3,0.6,2,0.579,0,0.555,13.2,0.262,N,,
4,Tracy McGrady,22,ORL,7,390,1260,0.31,76,38.3,25.6,7.9,5.3,1.6,1,0.451,0.364,0.748,11.5,0.189,N,,
5,Kobe Bryant,23,LAL,1,98,1260,0.078,80,38.3,25.2,5.5,5.5,1.5,0.4,0.469,0.25,0.829,12.7,0.199,N,,
6,Gary Payton,33,SEA,1,54,1260,0.043,82,40.3,22.1,4.8,9,1.6,0.3,0.467,0.314,0.797,12.6,0.183,N,,
7,Chris Webber,28,SAC,0,37,1260,0.029,54,38.4,24.5,10.1,4.8,1.7,1.4,0.495,0.263,0.749,8.6,0.2,N,,
8,Dirk Nowitzki,23,DAL,0,31,1260,0.025,76,38,23.4,9.9,2.4,1.1,1,0.477,0.397,0.853,13.4,0.222,N,,
9,Allen Iverson,26,PHI,0,29,1260,0.023,60,43.7,31.4,4.5,5.5,2.8,0.2,0.398,0.291,0.812,6.9,0.126,N,,
10,Ben Wallace,27,DET,0,24,1260,0.019,80,36.5,7.6,13,1.4,1.7,3.5,0.531,0,0.423,11.6,0.19,N,,
1,Tim Duncan,26,SAS,60,962,1190,0.808,81,39.3,23.3,12.9,3.9,0.7,2.9,0.513,0.273,0.71,16.5,0.248,Y,,
2,Kevin Garnett,26,MIN,43,871,1190,0.732,82,40.5,23,13.4,6,1.4,1.6,0.502,0.282,0.751,15.6,0.225,N,,
3,Kobe Bryant,24,LAL,8,496,1190,0.417,82,41.5,30,6.9,5.9,2.2,0.8,0.451,0.383,0.843,14.9,0.21,N,,
4,Tracy McGrady,23,ORL,4,427,1190,0.359,75,39.4,32.1,6.5,5.5,1.7,0.8,0.457,0.386,0.793,16.1,0.262,N,,
5,Shaquille O'Neal,30,LAL,3,126,1190,0.106,67,37.8,27.5,11.1,3.1,0.6,2.4,0.574,,0.622,13.2,0.25,N,,
6,Allen Iverson,27,PHI,0,83,1190,0.07,82,42.5,27.6,4.2,5.5,2.7,0.2,0.414,0.277,0.774,9.2,0.127,N,,
7,Dirk Nowitzki,24,DAL,0,43,1190,0.036,80,39,25.1,9.9,3,1.4,1,0.463,0.379,0.881,16.1,0.249,N,,
8,Ben Wallace,28,DET,1,33,1190,0.028,73,39.4,6.9,15.4,1.6,1.4,3.2,0.481,0.167,0.45,10.6,0.176,N,,
9,Jason Kidd,29,NJN,0,31,1190,0.026,80,37.4,18.7,6.3,8.9,2.2,0.3,0.414,0.341,0.841,11.3,0.182,N,,
10,Chris Webber,29,SAC,0,19,1190,0.016,67,39.1,23,10.5,5.4,1.6,1.3,0.461,0.238,0.607,6.9,0.127,N,,
1,Kevin Garnett,27,MIN,120,1219,1230,0.991,82,39.4,24.2,13.9,5,1.5,2.2,0.499,0.256,0.791,18.3,0.272,Y,,
2,Tim Duncan,27,SAS,0,716,1230,0.582,69,36.6,22.3,12.4,3.1,0.9,2.7,0.501,0.167,0.599,13.1,0.249,N,,
3,Jermaine O'Neal,25,IND,2,523,1230,0.425,78,35.7,20.1,10,2.1,0.8,2.6,0.434,0.111,0.757,9,0.155,N,,
4,Peja Stojakovi?,26,SAC,1,281,1230,0.228,81,40.3,24.2,6.3,2.1,1.3,0.2,0.48,0.433,0.927,13.5,0.198,N,,
5,Kobe Bryant,25,LAL,0,212,1230,0.172,65,37.6,24,5.5,5.1,1.7,0.4,0.438,0.327,0.852,10.7,0.21,N,,
6,Shaquille O'Neal,31,LAL,0,178,1230,0.145,67,36.8,21.5,11.5,2.9,0.5,2.5,0.584,,0.49,9.9,0.192,N,,
7,Ben Wallace,29,DET,0,24,1230,0.02,81,37.7,9.5,12.4,1.7,1.8,3,0.421,0.125,0.49,10.2,0.16,N,,
8,Jason Kidd,30,NJN,0,17,1230,0.014,67,36.6,15.5,6.4,9.2,1.8,0.2,0.384,0.321,0.827,7.2,0.141,N,,
9,LeBron James,19,CLE,0,11,1230,0.009,79,39.5,20.9,5.5,5.9,1.6,0.7,0.417,0.29,0.754,5.1,0.078,N,,
10T,Sam Cassell,34,MIN,0,4,1230,0.003,81,35,19.8,3.3,7.3,1.3,0.2,0.488,0.398,0.873,12.1,0.205,N,,
1,Steve Nash,30,PHO,65,1066,1270,0.839,75,34.3,15.5,3.3,11.5,1,0.1,0.502,0.431,0.887,10.9,0.203,Y,,
2,Shaquille O'Neal,32,MIA,58,1032,1270,0.813,73,34.1,22.9,10.4,2.7,0.5,2.3,0.601,,0.461,11,0.211,N,,
3,Dirk Nowitzki,26,DAL,0,349,1270,0.275,78,38.7,26.1,9.7,3.1,1.2,1.5,0.459,0.399,0.869,15.6,0.248,N,,
4,Tim Duncan,28,SAS,1,328,1270,0.258,66,33.4,20.3,11.1,2.7,0.7,2.6,0.496,0.333,0.67,11.2,0.245,N,,
5,Allen Iverson,29,PHI,2,240,1270,0.189,75,42.3,30.7,4,7.9,2.4,0.1,0.424,0.308,0.835,9,0.136,N,,
6,LeBron James,20,CLE,0,93,1270,0.073,80,42.4,27.2,7.4,7.2,2.2,0.7,0.472,0.351,0.75,14.3,0.203,N,,
7,Tracy McGrady,25,HOU,0,44,1270,0.035,78,40.8,25.7,6.2,5.7,1.7,0.7,0.431,0.326,0.774,12,0.18,N,,
8,Dwyane Wade,23,MIA,0,43,1270,0.034,77,38.6,24.1,5.2,6.8,1.6,1.1,0.478,0.289,0.762,11,0.177,N,,
9T,Amar'e Stoudemire,22,PHO,1,41,1270,0.032,80,36.1,26,8.9,1.6,1,1.6,0.559,0.188,0.733,14.6,0.243,N,,
9T,Ray Allen,29,SEA,0,41,1270,0.032,78,39.3,23.9,4.4,3.7,1.1,0.1,0.428,0.376,0.883,10.7,0.168,N,,
1,Steve Nash,31,PHO,57,924,1250,0.739,79,35.4,18.8,4.2,10.5,0.8,0.2,0.512,0.439,0.921,12.4,0.212,Y,,
2,LeBron James,21,CLE,16,688,1250,0.55,79,42.5,31.4,7,6.6,1.6,0.8,0.48,0.335,0.738,16.3,0.232,N,,
3,Dirk Nowitzki,27,DAL,14,544,1250,0.435,81,38.1,26.6,9,2.8,0.7,1,0.48,0.406,0.901,17.7,0.275,N,,
4,Kobe Bryant,27,LAL,22,483,1250,0.386,80,41,35.4,5.3,4.5,1.8,0.4,0.45,0.347,0.85,15.3,0.224,N,,
5,Chauncey Billups,29,DET,15,430,1250,0.344,81,36.1,18.5,3.1,8.6,0.9,0.1,0.418,0.433,0.894,15.5,0.254,N,,
6,Dwyane Wade,24,MIA,0,87,1250,0.07,75,38.6,27.2,5.7,6.7,1.9,0.8,0.495,0.171,0.783,14.4,0.239,N,,
7,Elton Brand,26,LAC,1,50,1250,0.04,79,39.2,24.7,10,2.6,1,2.5,0.527,0.333,0.775,14.8,0.229,N,,
8,Tim Duncan,29,SAS,0,33,1250,0.026,80,34.8,18.6,11,3.2,0.9,2,0.484,0.4,0.629,10.8,0.187,N,,
9,Tony Parker,23,SAS,0,9,1250,0.007,80,33.9,18.9,3.3,5.8,1,0.1,0.548,0.306,0.707,9.6,0.169,N,,
10T,Allen Iverson,30,PHI,0,1,1250,0.001,72,43.1,33,3.2,7.4,1.9,0.1,0.447,0.323,0.814,10.6,0.165,N,,
1,Giannis Antetokounmpo,24,MIL,78,941,1010,0.932,72,32.8,27.7,12.5,5.9,1.3,1.5,0.578,0.256,0.729,14.4,0.292,Y,,
2,James Harden,29,HOU,23,776,1010,0.768,78,36.8,36.1,6.6,7.5,2,0.7,0.442,0.368,0.879,15.2,0.254,N,,
3,Paul George,28,OKC,0,356,1010,0.352,77,36.9,28,8.2,4.1,2.2,0.4,0.438,0.386,0.839,11.9,0.201,N,,
4,Nikola JokiÄ‡,23,DEN,0,212,1010,0.21,80,31.3,20.1,10.8,7.3,1.4,0.7,0.511,0.307,0.821,11.8,0.226,N,,
5,Stephen Curry,30,GSW,0,175,1010,0.173,69,33.8,27.3,5.3,5.2,1.3,0.4,0.472,0.437,0.916,9.7,0.199,N,,
6,Damian Lillard,28,POR,0,69,1010,0.068,80,35.5,25.8,4.6,6.9,1.1,0.4,0.444,0.369,0.912,12.1,0.205,N,,
7,Joel Embiid,24,PHI,0,49,1010,0.049,64,33.7,27.5,13.6,3.7,0.7,1.9,0.484,0.3,0.804,8.7,0.194,N,,
8,Kevin Durant,30,GSW,0,25,1010,0.025,78,34.6,26,6.4,5.9,0.7,1.1,0.521,0.353,0.885,11.5,0.204,N,,
9,Kawhi Leonard,27,TOR,0,13,1010,0.013,60,34,26.6,7.3,3.3,1.8,0.4,0.496,0.371,0.854,9.5,0.224,N,,
10,Russell Westbrook,30,OKC,0,8,1010,0.008,73,36,22.9,11.1,10.7,1.9,0.5,0.428,0.29,0.656,6.8,0.124,N,,
1,James Harden,28,HOU,86,965,1010,0.955,72,35.4,30.4,5.4,8.8,1.8,0.7,0.449,0.367,0.858,15.4,0.289,Y,,
2,LeBron James,33,CLE,15,738,1010,0.731,82,36.9,27.5,8.6,9.1,1.4,0.9,0.542,0.367,0.731,14,0.221,N,,
3,Anthony Davis,24,NOP,0,445,1010,0.441,75,36.4,28.1,11.1,2.3,1.5,2.6,0.534,0.34,0.828,13.7,0.241,N,,
4,Damian Lillard,27,POR,0,207,1010,0.205,73,36.6,26.9,4.5,6.6,1.1,0.4,0.439,0.361,0.916,12.6,0.227,N,,
5,Russell Westbrook,29,OKC,0,76,1010,0.075,80,36.4,25.4,10.1,10.3,1.8,0.3,0.449,0.298,0.737,10.1,0.166,N,,
6,Giannis Antetokounmpo,23,MIL,0,75,1010,0.074,75,36.7,26.9,10,4.8,1.5,1.4,0.529,0.307,0.76,11.9,0.207,N,,
7,Kevin Durant,29,GSW,0,66,1010,0.065,68,34.2,26.4,6.8,5.4,0.7,1.8,0.516,0.419,0.889,10.4,0.215,N,,
8,DeMar DeRozan,28,TOR,0,32,1010,0.032,80,33.9,23,3.9,5.2,1.1,0.3,0.456,0.31,0.825,9.6,0.17,N,,
9,LaMarcus Aldridge,32,SAS,0,6,1010,0.006,75,33.5,23.1,8.5,2,0.6,1.2,0.51,0.293,0.837,10.9,0.209,N,,
10T,Jimmy Butler,28,MIN,0,5,1010,0.005,59,36.7,22.2,5.3,4.9,2,0.4,0.474,0.35,0.854,8.9,0.198,N,,
1,Russell Westbrook,28,OKC,69,888,1010,0.879,81,34.6,31.6,10.7,10.4,1.6,0.4,0.425,0.343,0.845,13.1,0.224,Y,,
2,James Harden,27,HOU,22,753,1010,0.746,81,36.4,29.1,8.1,11.2,1.5,0.5,0.44,0.347,0.847,15,0.245,N,,
3,Kawhi Leonard,25,SAS,9,500,1010,0.495,74,33.4,25.5,5.8,3.5,1.8,0.7,0.485,0.38,0.88,13.6,0.264,N,,
4,LeBron James,32,CLE,1,333,1010,0.33,74,37.8,26.4,8.6,8.7,1.2,0.6,0.548,0.363,0.674,12.9,0.221,N,,
5,Isaiah Thomas,27,BOS,0,81,1010,0.08,76,33.8,28.9,2.7,5.9,0.9,0.2,0.463,0.379,0.909,12.5,0.234,N,,
6,Stephen Curry,28,GSW,0,52,1010,0.051,79,33.4,25.3,4.5,6.6,1.8,0.2,0.468,0.411,0.898,12.6,0.229,N,,
7T,Giannis Antetokounmpo,22,MIL,0,7,1010,0.007,80,35.6,22.9,8.8,5.4,1.6,1.9,0.521,0.272,0.77,12.4,0.21,N,,
7T,John Wall,26,WAS,0,7,1010,0.007,78,36.4,23.1,4.2,10.7,2,0.6,0.451,0.327,0.801,8.8,0.149,N,,
9T,Anthony Davis,23,NOP,0,2,1010,0.002,75,36.1,28,11.8,2.1,1.3,2.2,0.505,0.299,0.802,11,0.195,N,,
9T,Kevin Durant,28,GSW,0,2,1010,0.002,62,33.4,25.1,8.3,4.8,1.1,1.6,0.537,0.375,0.875,12,0.278,N,,
1,Stephen Curry,27,GSW,131,1310,1310,1,79,34.2,30.1,5.4,6.7,2.1,0.2,0.504,0.454,0.908,17.9,0.318,Y,,
2,Kawhi Leonard,24,SAS,0,634,1310,0.484,72,33.1,21.2,6.8,2.6,1.8,1,0.506,0.443,0.874,13.7,0.277,N,,
3,LeBron James,31,CLE,0,631,1310,0.482,76,35.6,25.3,7.4,6.8,1.4,0.6,0.52,0.309,0.731,13.6,0.242,N,,
4,Russell Westbrook,27,OKC,0,486,1310,0.371,80,34.4,23.5,7.8,10.4,2,0.3,0.454,0.296,0.812,14,0.245,N,,
5,Kevin Durant,27,OKC,0,147,1310,0.112,72,35.8,28.2,8.2,5,1,1.2,0.505,0.387,0.898,14.5,0.27,N,,
6,Chris Paul,30,LAC,0,107,1310,0.082,74,32.7,19.5,4.2,10,2.1,0.2,0.462,0.371,0.896,12.7,0.253,N,,
7,Draymond Green,25,GSW,0,50,1310,0.038,81,34.7,14,9.5,7.4,1.5,1.4,0.49,0.388,0.696,11.1,0.19,N,,
8,Damian Lillard,25,POR,0,26,1310,0.02,75,35.7,25.1,4,6.8,0.9,0.4,0.419,0.375,0.892,9.2,0.165,N,,
9,James Harden,26,HOU,0,9,1310,0.007,82,38.1,29,6.1,7.5,1.7,0.6,0.439,0.359,0.86,13.3,0.204,N,,
10,Kyle Lowry,29,TOR,0,6,1310,0.005,77,37,21.2,4.7,6.4,2.1,0.4,0.427,0.388,0.811,11.6,0.196,N,,
1,Stephen Curry,26,GSW,100,1198,1300,0.922,80,32.7,23.8,4.3,7.7,2,0.2,0.487,0.443,0.914,15.7,0.288,Y,,
2,James Harden,25,HOU,25,936,1300,0.72,81,36.8,27.4,5.7,7,1.9,0.7,0.44,0.375,0.868,16.4,0.265,N,,
3,LeBron James,30,CLE,5,552,1300,0.425,69,36.1,25.3,6,7.4,1.6,0.7,0.488,0.354,0.71,10.4,0.199,N,,
4,Russell Westbrook,26,OKC,0,352,1300,0.271,67,34.4,28.1,7.3,8.6,2.1,0.2,0.426,0.299,0.835,10.6,0.222,N,,
5,Anthony Davis,21,NOP,0,203,1300,0.156,68,36.1,24.4,10.2,2.2,1.5,2.9,0.535,0.083,0.805,14,0.274,N,,
6,Chris Paul,29,LAC,0,124,1300,0.095,82,34.8,19.1,4.6,10.2,1.9,0.2,0.485,0.398,0.9,16.1,0.27,N,,
7,LaMarcus Aldridge,29,POR,0,6,1300,0.005,71,35.4,23.4,10.2,1.7,0.7,1,0.466,0.352,0.845,8.6,0.165,N,,
8T,Marc Gasol,30,MEM,0,3,1300,0.002,81,33.2,17.4,7.8,3.8,0.9,1.6,0.494,0.176,0.795,10.2,0.182,N,,
8T,Blake Griffin,25,LAC,0,3,1300,0.002,67,35.2,21.9,7.6,5.3,0.9,0.5,0.502,0.4,0.728,9,0.183,N,,
10T,Tim Duncan,38,SAS,0,1,1300,0.001,77,28.9,13.9,9.1,3,0.8,2,0.512,0.286,0.74,9.6,0.207,N,,
1,Kevin Durant,25,OKC,119,1232,1250,0.986,81,38.5,32,7.4,5.5,1.3,0.7,0.503,0.391,0.873,19.2,0.295,Y,,
2,LeBron James,29,MIA,6,891,1250,0.713,77,37.7,27.1,6.9,6.3,1.6,0.3,0.567,0.379,0.75,15.9,0.264,N,,
3,Blake Griffin,24,LAC,0,434,1250,0.347,80,35.8,24.1,9.5,3.9,1.2,0.6,0.528,0.273,0.715,12.2,0.205,N,,
4,Joakim Noah,28,CHI,0,322,1250,0.258,80,35.3,12.6,11.3,5.4,1.2,1.5,0.475,0,0.737,11.2,0.19,N,,
5,James Harden,24,HOU,0,85,1250,0.068,73,38,25.4,4.7,6.1,1.6,0.4,0.456,0.366,0.866,12.8,0.221,N,,
6,Stephen Curry,25,GSW,0,66,1250,0.053,78,36.5,24,4.3,8.5,1.6,0.2,0.471,0.424,0.885,13.4,0.225,N,,
7,Chris Paul,28,LAC,0,45,1250,0.036,62,35,19.1,4.3,10.7,2.5,0.1,0.467,0.368,0.855,12.2,0.27,N,,
8,Al Jefferson,29,CHA,0,34,1250,0.027,73,35,21.8,10.8,2.1,0.9,1.1,0.509,0.2,0.69,7.8,0.146,N,,
9,Paul George,23,IND,0,33,1250,0.026,80,36.2,21.7,6.8,3.5,1.9,0.3,0.424,0.364,0.864,10.8,0.178,N,,
10,LaMarcus Aldridge,28,POR,0,26,1250,0.021,69,36.2,23.2,11.1,2.6,0.9,1,0.458,0.2,0.822,7.5,0.144,N,,
1,LeBron James,28,MIA,120,1207,1210,0.998,76,37.9,26.8,8,7.3,1.7,0.9,0.565,0.406,0.753,19.3,0.322,Y,,
2,Kevin Durant,24,OKC,0,765,1210,0.632,81,38.5,28.1,7.9,4.6,1.4,1.3,0.51,0.416,0.905,18.9,0.291,N,,
3,Carmelo Anthony,28,NYK,1,475,1210,0.393,67,37,28.7,6.9,2.6,0.8,0.5,0.449,0.379,0.83,9.5,0.184,N,,
4,Chris Paul,27,LAC,0,289,1210,0.239,70,33.4,16.9,3.7,9.7,2.4,0.1,0.481,0.328,0.885,13.9,0.287,N,,
5,Kobe Bryant,34,LAL,0,184,1210,0.152,78,38.6,27.3,5.6,6,1.4,0.3,0.463,0.324,0.839,10.9,0.174,N,,
6,Tony Parker,30,SAS,0,86,1210,0.071,66,32.9,20.3,3,7.6,0.8,0.1,0.522,0.353,0.845,9.3,0.206,N,,
7,Tim Duncan,36,SAS,0,65,1210,0.054,69,30.1,17.8,9.9,2.7,0.7,2.7,0.502,0.286,0.817,8.3,0.191,N,,
8,James Harden,23,HOU,0,33,1210,0.027,78,38.3,25.9,4.9,5.8,1.8,0.5,0.438,0.368,0.851,12.8,0.206,N,,
9,Russell Westbrook,24,OKC,0,9,1210,0.007,82,34.9,23.2,5.2,7.4,1.8,0.3,0.438,0.323,0.8,11.6,0.195,N,,
10,Dwyane Wade,31,MIA,0,5,1210,0.004,69,34.7,21.2,5,5.1,1.9,0.8,0.521,0.258,0.725,9.6,0.192,N,,
1,LeBron James,27,MIA,85,1074,1210,0.888,62,37.5,27.1,7.9,6.2,1.9,0.8,0.531,0.362,0.771,14.5,0.298,Y,,
2,Kevin Durant,23,OKC,24,889,1210,0.735,66,38.6,28,8,3.5,1.3,1.2,0.496,0.387,0.86,12.2,0.23,N,,
3,Chris Paul,26,LAC,6,385,1210,0.318,60,36.4,19.8,3.6,9.1,2.5,0.1,0.478,0.371,0.861,12.7,0.278,N,,
4,Kobe Bryant,33,LAL,2,352,1210,0.291,58,38.5,27.9,5.4,4.6,1.2,0.3,0.43,0.303,0.845,6.2,0.132,N,,
5,Tony Parker,29,SAS,4,331,1210,0.274,60,32.1,18.3,2.9,7.7,1,0.1,0.48,0.23,0.799,7.1,0.177,N,,
6,Kevin Love,23,MIN,0,58,1210,0.048,55,39,26,13.3,2,0.9,0.5,0.448,0.372,0.824,10,0.223,N,,
7,Dwight Howard,26,ORL,0,13,1210,0.011,54,38.3,20.6,14.5,1.9,1.5,2.1,0.573,0,0.491,7.7,0.179,N,,
8,Rajon Rondo,25,BOS,0,12,1210,0.01,53,36.9,11.9,4.8,11.7,1.8,0.1,0.448,0.238,0.597,4.9,0.121,N,,
9,Steve Nash,37,PHO,0,7,1210,0.006,62,31.6,12.5,3,10.7,0.6,0.1,0.532,0.39,0.894,5.9,0.144,N,,
10,Dwyane Wade,30,MIA,0,6,1210,0.005,49,33.2,22.1,4.8,4.6,1.7,1.3,0.497,0.268,0.791,7.7,0.227,N,,
1,Derrick Rose,22,CHI,113,1182,1210,0.977,81,37.4,25,4.1,7.7,1,0.6,0.445,0.332,0.858,13.1,0.208,Y,,
2,Dwight Howard,25,ORL,3,643,1210,0.531,78,37.6,22.9,14.1,1.4,1.4,2.4,0.593,0,0.596,14.4,0.235,N,,
3,LeBron James,26,MIA,4,522,1210,0.431,79,38.8,26.7,7.5,7,1.6,0.6,0.51,0.33,0.759,15.6,0.244,N,,
4,Kobe Bryant,32,LAL,1,428,1210,0.354,82,33.9,25.3,5.1,4.7,1.2,0.1,0.451,0.323,0.828,10.3,0.178,N,,
5,Kevin Durant,22,OKC,0,190,1210,0.157,78,38.9,27.7,6.8,2.7,1.1,1,0.462,0.35,0.88,12,0.189,N,,
6,Dirk Nowitzki,32,DAL,0,113,1210,0.093,73,34.3,23,7,2.6,0.5,0.6,0.517,0.393,0.892,11.1,0.213,N,,
7,Dwyane Wade,29,MIA,0,24,1210,0.02,76,37.1,25.5,6.4,4.6,1.5,1.1,0.5,0.306,0.758,12.8,0.218,N,,
8,Manu Ginï¿½bili,33,SAS,0,20,1210,0.017,80,30.3,17.4,3.7,4.9,1.5,0.4,0.433,0.349,0.871,9.9,0.195,N,,
9,Amar'e Stoudemire,28,NYK,0,9,1210,0.007,78,36.8,25.3,8.2,2.6,0.9,1.9,0.502,0.435,0.792,8,0.134,N,,
10T,Blake Griffin,21,LAC,0,5,1210,0.004,82,38,22.5,12.1,3.8,0.8,0.5,0.506,0.292,0.642,9.8,0.152,N,,
1,LeBron James,25,CLE,116,1205,1230,0.98,76,39,29.7,7.3,8.6,1.6,1,0.503,0.333,0.767,18.5,0.299,Y,,
2,Kevin Durant,21,OKC,4,609,1230,0.495,82,39.5,30.1,7.6,2.8,1.4,1,0.476,0.365,0.9,16.1,0.238,N,,
3,Kobe Bryant,31,LAL,0,599,1230,0.487,73,38.8,27,5.4,5,1.5,0.3,0.456,0.329,0.811,9.4,0.16,N,,
4,Dwight Howard,24,ORL,3,478,1230,0.389,82,34.7,18.3,13.2,1.8,0.9,2.8,0.612,0,0.592,13.2,0.223,N,,
5,Dwyane Wade,28,MIA,0,119,1230,0.097,77,36.3,26.6,4.8,6.5,1.8,1.1,0.476,0.3,0.761,13,0.224,N,,
6,Carmelo Anthony,25,DEN,0,65,1230,0.053,69,38.2,28.2,6.6,3.2,1.3,0.4,0.458,0.316,0.83,7.9,0.145,N,,
7,Dirk Nowitzki,31,DAL,0,55,1230,0.045,81,37.5,25,7.7,2.7,0.9,1,0.481,0.421,0.915,12.3,0.194,N,,
8,Steve Nash,35,PHO,0,49,1230,0.04,81,32.8,16.5,3.3,11,0.5,0.1,0.507,0.426,0.938,9.9,0.178,N,,
9,Deron Williams,25,UTA,0,7,1230,0.006,76,36.9,18.7,4,10.5,1.3,0.2,0.469,0.371,0.801,10.3,0.177,N,,
10,Amar'e Stoudemire,27,PHO,0,5,1230,0.004,82,34.6,23.1,8.9,1,0.6,1,0.557,0.167,0.771,10.7,0.181,N,,
1,LeBron James,24,CLE,109,1172,1210,0.969,81,37.7,28.4,7.6,7.2,1.7,1.1,0.489,0.344,0.78,20.3,0.318,Y,,
2,Kobe Bryant,30,LAL,2,698,1210,0.577,82,36.1,26.8,5.2,4.9,1.5,0.5,0.467,0.351,0.856,12.7,0.206,N,,
3,Dwyane Wade,27,MIA,7,680,1210,0.562,79,38.6,30.2,5,7.5,2.2,1.3,0.491,0.317,0.765,14.7,0.232,N,,
4,Dwight Howard,23,ORL,1,328,1210,0.271,79,35.7,20.6,13.8,1.4,1,2.9,0.572,0,0.594,13.8,0.234,N,,
5,Chris Paul,23,NOH,2,192,1210,0.159,78,38.5,22.8,5.5,11,2.8,0.1,0.503,0.364,0.868,18.3,0.292,N,,
6,Chauncey Billups,32,TOT,0,33,1210,0.027,79,35.3,17.7,3,6.4,1.2,0.2,0.418,0.408,0.913,10.1,0.174,N,,
7,Paul Pierce,31,BOS,0,21,1210,0.017,81,37.5,20.5,5.6,3.6,1,0.3,0.457,0.391,0.83,10.3,0.164,N,,
8,Tony Parker,26,SAS,0,9,1210,0.007,72,34.1,22,3.1,6.9,0.9,0.1,0.506,0.292,0.782,8.6,0.168,N,,
9,Brandon Roy,24,POR,0,7,1210,0.006,78,37.2,22.6,4.7,5.1,1.1,0.3,0.48,0.377,0.824,13.5,0.223,N,,
10,Dirk Nowitzki,30,DAL,0,3,1210,0.002,81,37.7,25.9,8.4,2.4,0.8,0.8,0.479,0.359,0.89,10.9,0.171,N,,
1,Kobe Bryant,29,LAL,82,1100,1260,0.873,82,38.9,28.3,6.3,5.4,1.8,0.5,0.459,0.361,0.84,13.8,0.208,Y,,
2,Chris Paul,22,NOH,28,894,1260,0.71,80,37.6,21.1,4,11.6,2.7,0.1,0.488,0.369,0.851,17.8,0.284,N,,
3,Kevin Garnett,31,BOS,15,670,1260,0.532,71,32.8,18.8,9.2,3.4,1.4,1.3,0.539,0,0.801,12.9,0.265,N,,
4,LeBron James,23,CLE,1,438,1260,0.348,75,40.4,30,7.9,7.2,1.8,1.1,0.484,0.315,0.712,15.2,0.242,N,,
5,Dwight Howard,22,ORL,0,60,1260,0.048,82,37.7,20.7,14.2,1.3,0.9,2.1,0.599,0,0.59,12.9,0.2,N,,
6,Amar'e Stoudemire,25,PHO,0,27,1260,0.021,79,33.9,25.2,9.1,1.5,0.8,2.1,0.59,0.161,0.805,14.6,0.262,N,,
7,Tim Duncan,31,SAS,0,25,1260,0.02,78,34,19.3,11.3,2.8,0.7,1.9,0.497,0,0.73,11.1,0.201,N,,
8,Tracy McGrady,28,HOU,0,19,1260,0.015,66,37,21.6,5.1,5.9,1,0.5,0.419,0.292,0.684,5.8,0.115,N,,
9,Steve Nash,33,PHO,0,18,1260,0.014,81,34.3,16.9,3.5,11.1,0.7,0.1,0.504,0.47,0.906,10.5,0.181,N,,
10,Manu Ginóbili,30,SAS,0,9,1260,0.007,74,31.1,19.5,4.8,4.5,1.5,0.4,0.46,0.401,0.86,11.1,0.232,N,,
1,Dirk Nowitzki,28,DAL,83,1138,1290,0.882,78,36.2,24.6,8.9,3.4,0.7,0.8,0.502,0.416,0.904,16.3,0.278,Y,,
2,Steve Nash,32,PHO,44,1013,1290,0.785,76,35.3,18.6,3.5,11.6,0.8,0.1,0.532,0.455,0.899,12.6,0.225,N,,
3,Kobe Bryant,28,LAL,2,521,1290,0.404,77,40.8,31.6,5.7,5.4,1.4,0.5,0.463,0.344,0.868,13,0.199,N,,
4,Tim Duncan,30,SAS,0,286,1290,0.222,80,34.1,20,10.6,3.4,0.8,2.4,0.546,0.111,0.637,13,0.23,N,,
5,LeBron James,22,CLE,0,183,1290,0.142,78,40.9,27.3,6.7,6,1.6,0.7,0.476,0.319,0.698,13.7,0.206,N,,
6,Tracy McGrady,27,HOU,0,110,1290,0.085,71,35.8,24.6,5.3,6.5,1.3,0.5,0.431,0.331,0.707,8.6,0.163,N,,
7,Chris Bosh,22,TOR,0,43,1290,0.033,69,38.5,22.6,10.7,2.5,0.6,1.3,0.496,0.343,0.785,9.6,0.174,N,,
8,Gilbert Arenas,25,WAS,0,31,1290,0.024,74,39.8,28.4,4.6,6,1.9,0.2,0.418,0.351,0.844,10.8,0.177,N,,
9T,Carlos Boozer,25,UTA,0,7,1290,0.005,74,34.6,20.9,11.7,3,0.9,0.3,0.561,,0.685,9.9,0.185,N,,
9T,Kevin Garnett,30,MIN,0,7,1290,0.005,76,39.4,22.4,12.8,4.1,1.2,1.7,0.476,0.214,0.835,10.7,0.171,N,,
